{
    "random_seed": 3407,
    "epochs": 150,
    "batch_size": 32,
    
    "CustomCNN": {
        "learning_rate": 0.000730033884984545,
        "weight_decay": 8.284626190217107e-05
    },
    "EfficientNet": {
        "learning_rate": 8.992908833904395e-05,
        "weight_decay": 8.284626190217107e-05
    }
}