{
    "random_seed": 42,
    "epochs": 130,
    "CustomCNN": {
        "learning_rate": 8.404121025240116e-04,
        "weight_decay": 4.760735689963285e-05,
        "batch_size": 32
    },
    "EfficientNet": {
        "learning_rate": 0.0004137045040969491,
        "weight_decay": 2.739409653525517e-05,
        "batch_size": 32
    }
}